Title,Description,Outcome,Status,Phase,Labels,Horizon,Details
Example card with every column,What this work is. Keep it to a sentence or two.,What changes for users when it is done.,In progress,Beta,"Service X, Service Y",Now,"First bullet point
- Start a line with ""-"" to nest it under the line above
-- Use two dashes to nest it again
Another top-level bullet point"
Minimal card,Only Title and Horizon are required; everything else is optional.,,,,,Now,
Card awaiting release,Work that is finished and waiting to go live.,Users get the change as soon as it is deployed.,Awaiting deployment,,Service X,Now,
Card being explored,Work we expect to pick up soon.,What we hope this will achieve.,Exploring,Alpha,,Next,
Card with a free-text status,Any status that isn't one of the standard ones is shown exactly as typed.,,On hold,,,Next,
Discovery card,"Phases that include the word ""Discovery"" are highlighted.",A clear understanding of the problem.,Exploring,Discovery,,Later,
Longer-term idea,Direction we expect to take as we learn more.,,Exploring,,"Service Y, Service Z",Later,
Recently shipped work,Something we shipped in the last few weeks.,What users can do now.,Shipped,,,Recently delivered,
Earlier delivery this year,Something we delivered earlier in the year.,,Shipped,Live,,Delivered this year,"What it included
Another thing it included"
Something we are not doing,Explain why this is out of scope for now.,,,,,Not doing,
